firstname,lastname,emailid,address,city,state
Jim,Smith,jim@tester.com,jim address,jim city,jim state
Joe,Tester,joe@tester.com,joy address,joy city,joy state
firstname1,lastname1,testing1@gmail.com,address1,city1,state1
firstname2,lastname2,testing2@gmail.com,address2,city2,state2
firstname3,lastname3,testing3@gmail.com,address3,city3,state3
firstname4,lastname4,testing4@gmail.com,address4,city4,state4
firstname5,lastname5,testing5@gmail.com,address5,city5,state5
firstname6,lastname6,testing6@gmail.com,address6,city6,state6
firstname7,lastname7,testing7@gmail.com,address7,city7,state7
firstname8,lastname8,testing8@gmail.com,address8,city8,state8
firstname9,lastname9,testing9@gmail.com,address9,city9,state9
